{"cameraMode":{"drawMode":0,"name":"Shaded","section":"Shading Mode"},"sceneLighting":true,"audioPlay":false,"sceneViewState":{"m_AlwaysRefresh":false,"showFog":true,"showSkybox":true,"showFlares":true,"showImageEffects":true,"showParticleSystems":true,"showVisualEffectGraphs":true,"m_FxEnabled":true},"in2DMode":false,"pivot":{"x":382.8156433105469,"y":182.2567138671875,"z":-6.187244892120361},"rotation":{"x":0.055470988154411319,"y":-0.004493076354265213,"z":0.0002496185770723969,"w":0.9984503388404846},"size":620.339111328125,"orthographic":true}